[
{
    "pk": 1, 
    "model": "restaurante.categoria", 
    "fields": {
        "descripcion": "Peque\u00f1as comidas ideales para comenzar", 
        "nombre": "Entradas", 
        "imagen": "menu/icon2.jpg", 
        "enlaceHtml": "entradas"
    }
},
{
    "pk": 2, 
    "model": "restaurante.categoria", 
    "fields": {
        "descripcion": "platos para ni\u00f1os ", 
        "nombre": "Menu Infantil", 
        "imagen": "menu/icon1.jpg", 
        "enlaceHtml": "menuInfantil"
    }
},
{
    "pk": 3, 
    "model": "restaurante.categoria", 
    "fields": {
        "descripcion": "ricos perros", 
        "nombre": "Perros Calientes", 
        "imagen": "menu/icon4.jpg", 
        "enlaceHtml": "perrosCalientes"
    }
},
{
    "pk": 4, 
    "model": "restaurante.categoria", 
    "fields": {
        "descripcion": "son deli", 
        "nombre": "Hamburguesas", 
        "imagen": "menu/icon5.jpg", 
        "enlaceHtml": "hamburguesas"
    }
},
{
    "pk": 5, 
    "model": "restaurante.categoria", 
    "fields": {
        "descripcion": "para completar tu comida", 
        "nombre": "Bebidas", 
        "imagen": "menu/icon13.jpg", 
        "enlaceHtml": "bebidas"
    }
},
{
    "pk": 6, 
    "model": "restaurante.categoria", 
    "fields": {
        "descripcion": "las mejores parrilladas", 
        "nombre": "Parrilla", 
        "imagen": "menu/icon6.jpg", 
        "enlaceHtml": "parrilla"
    }
},
{
    "pk": 7, 
    "model": "restaurante.categoria", 
    "fields": {
        "descripcion": "deliciosos pescados", 
        "nombre": "Pescados", 
        "imagen": "menu/icon7.jpg", 
        "enlaceHtml": "pescados"
    }
},
{
    "pk": 8, 
    "model": "restaurante.categoria", 
    "fields": {
        "descripcion": "las mejores", 
        "nombre": "Tostadas", 
        "imagen": "menu/icon10.jpg", 
        "enlaceHtml": "tostadas"
    }
},
{
    "pk": 9, 
    "model": "restaurante.categoria", 
    "fields": {
        "descripcion": "RICOS", 
        "nombre": "Sandwich", 
        "imagen": "menu/icon8.jpg", 
        "enlaceHtml": "sandwich"
    }
},
{
    "pk": 10, 
    "model": "restaurante.categoria", 
    "fields": {
        "descripcion": "muy buenas", 
        "nombre": "Salchipapas", 
        "imagen": "menu/icon9.jpg", 
        "enlaceHtml": "salchipapas"
    }
},
{
    "pk": 11, 
    "model": "restaurante.categoria", 
    "fields": {
        "descripcion": "nutritivas", 
        "nombre": "Ensaladas", 
        "imagen": "menu/icon11.jpg", 
        "enlaceHtml": "ensaladas"
    }
},
{
    "pk": 12, 
    "model": "restaurante.categoria", 
    "fields": {
        "descripcion": "muy buenos", 
        "nombre": "Desgranados", 
        "imagen": "menu/icon12.jpg", 
        "enlaceHtml": "desgranados"
    }
},
{
    "pk": 1, 
    "model": "restaurante.ingrediente", 
    "fields": {
        "nombre": "Papas a la francesa"
    }
},
{
    "pk": 3, 
    "model": "restaurante.ingrediente", 
    "fields": {
        "nombre": "Queso"
    }
},
{
    "pk": 4, 
    "model": "restaurante.ingrediente", 
    "fields": {
        "nombre": "Pi\u00f1a"
    }
},
{
    "pk": 5, 
    "model": "restaurante.ingrediente", 
    "fields": {
        "nombre": "Tocineta"
    }
},
{
    "pk": 6, 
    "model": "restaurante.ingrediente", 
    "fields": {
        "nombre": "ripio de papas"
    }
},
{
    "pk": 7, 
    "model": "restaurante.ingrediente", 
    "fields": {
        "nombre": "Salsas"
    }
},
{
    "pk": 8, 
    "model": "restaurante.ingrediente", 
    "fields": {
        "nombre": "Salchicha"
    }
},
{
    "pk": 9, 
    "model": "restaurante.ingrediente", 
    "fields": {
        "nombre": "Maiz tierno"
    }
},
{
    "pk": 11, 
    "model": "restaurante.ingrediente", 
    "fields": {
        "nombre": "Chorizo"
    }
},
{
    "pk": 12, 
    "model": "restaurante.ingrediente", 
    "fields": {
        "nombre": "Chicharron"
    }
},
{
    "pk": 13, 
    "model": "restaurante.ingrediente", 
    "fields": {
        "nombre": "Jamon"
    }
},
{
    "pk": 14, 
    "model": "restaurante.ingrediente", 
    "fields": {
        "nombre": "Frijol"
    }
},
{
    "pk": 15, 
    "model": "restaurante.ingrediente", 
    "fields": {
        "nombre": "Carne molida"
    }
},
{
    "pk": 17, 
    "model": "restaurante.ingrediente", 
    "fields": {
        "nombre": "Salsa Rosada"
    }
},
{
    "pk": 18, 
    "model": "restaurante.ingrediente", 
    "fields": {
        "nombre": "Tartara"
    }
},
{
    "pk": 19, 
    "model": "restaurante.ingrediente", 
    "fields": {
        "nombre": "Papa amarilla"
    }
},
{
    "pk": 20, 
    "model": "restaurante.ingrediente", 
    "fields": {
        "nombre": "Guacamole"
    }
},
{
    "pk": 21, 
    "model": "restaurante.ingrediente", 
    "fields": {
        "nombre": "Salsa BBQ"
    }
},
{
    "pk": 22, 
    "model": "restaurante.ingrediente", 
    "fields": {
        "nombre": "Salsa criolla"
    }
},
{
    "pk": 23, 
    "model": "restaurante.ingrediente", 
    "fields": {
        "nombre": "Cebolla"
    }
},
{
    "pk": 24, 
    "model": "restaurante.ingrediente", 
    "fields": {
        "nombre": "Pimenton"
    }
},
{
    "pk": 25, 
    "model": "restaurante.ingrediente", 
    "fields": {
        "nombre": "Yucas"
    }
},
{
    "pk": 26, 
    "model": "restaurante.ingrediente", 
    "fields": {
        "nombre": "Queso fundido"
    }
},
{
    "pk": 27, 
    "model": "restaurante.ingrediente", 
    "fields": {
        "nombre": "Arepas "
    }
},
{
    "pk": 28, 
    "model": "restaurante.ingrediente", 
    "fields": {
        "nombre": "Platano verde"
    }
},
{
    "pk": 29, 
    "model": "restaurante.ingrediente", 
    "fields": {
        "nombre": "Aji"
    }
},
{
    "pk": 30, 
    "model": "restaurante.ingrediente", 
    "fields": {
        "nombre": "Hogao"
    }
},
{
    "pk": 31, 
    "model": "restaurante.ingrediente", 
    "fields": {
        "nombre": "Mostaza"
    }
},
{
    "pk": 32, 
    "model": "restaurante.ingrediente", 
    "fields": {
        "nombre": "Mayonesa"
    }
},
{
    "pk": 33, 
    "model": "restaurante.ingrediente", 
    "fields": {
        "nombre": "Asada a la parrilla"
    }
},
{
    "pk": 34, 
    "model": "restaurante.ingrediente", 
    "fields": {
        "nombre": "Verduras frescas"
    }
},
{
    "pk": 35, 
    "model": "restaurante.ingrediente", 
    "fields": {
        "nombre": "Salsa de tomate"
    }
},
{
    "pk": 36, 
    "model": "restaurante.ingrediente", 
    "fields": {
        "nombre": "Tomate"
    }
},
{
    "pk": 37, 
    "model": "restaurante.ingrediente", 
    "fields": {
        "nombre": "Lechuga"
    }
},
{
    "pk": 38, 
    "model": "restaurante.ingrediente", 
    "fields": {
        "nombre": "Huevo"
    }
},
{
    "pk": 40, 
    "model": "restaurante.ingrediente", 
    "fields": {
        "nombre": "Cebolla grille"
    }
},
{
    "pk": 41, 
    "model": "restaurante.ingrediente", 
    "fields": {
        "nombre": "Hamburguesa de res a la plancha"
    }
},
{
    "pk": 42, 
    "model": "restaurante.ingrediente", 
    "fields": {
        "nombre": "Hamburguesa de pollo a la plancha"
    }
},
{
    "pk": 43, 
    "model": "restaurante.ingrediente", 
    "fields": {
        "nombre": "Nuggest"
    }
},
{
    "pk": 44, 
    "model": "restaurante.ingrediente", 
    "fields": {
        "nombre": "Perro tradicional"
    }
},
{
    "pk": 45, 
    "model": "restaurante.ingrediente", 
    "fields": {
        "nombre": "Carne desmechada"
    }
},
{
    "pk": 46, 
    "model": "restaurante.ingrediente", 
    "fields": {
        "nombre": "Pollo desmechado"
    }
},
{
    "pk": 47, 
    "model": "restaurante.ingrediente", 
    "fields": {
        "nombre": "Suizo"
    }
},
{
    "pk": 48, 
    "model": "restaurante.ingrediente", 
    "fields": {
        "nombre": "Chorizo"
    }
},
{
    "pk": 49, 
    "model": "restaurante.ingrediente", 
    "fields": {
        "nombre": "Carne asada"
    }
},
{
    "pk": 50, 
    "model": "restaurante.ingrediente", 
    "fields": {
        "nombre": "Pollo a la plancha"
    }
},
{
    "pk": 51, 
    "model": "restaurante.ingrediente", 
    "fields": {
        "nombre": "Pollo apanado"
    }
},
{
    "pk": 52, 
    "model": "restaurante.ingrediente", 
    "fields": {
        "nombre": "Pollo BBQ"
    }
},
{
    "pk": 54, 
    "model": "restaurante.ingrediente", 
    "fields": {
        "nombre": "pi\u00f1a"
    }
},
{
    "pk": 55, 
    "model": "restaurante.ingrediente", 
    "fields": {
        "nombre": "Filete apanado"
    }
},
{
    "pk": 56, 
    "model": "restaurante.ingrediente", 
    "fields": {
        "nombre": "Salsa bechamel"
    }
},
{
    "pk": 57, 
    "model": "restaurante.ingrediente", 
    "fields": {
        "nombre": "Champin"
    }
},
{
    "pk": 58, 
    "model": "restaurante.ingrediente", 
    "fields": {
        "nombre": "Champi\u00f1ones"
    }
},
{
    "pk": 59, 
    "model": "restaurante.ingrediente", 
    "fields": {
        "nombre": "Queso parmesano"
    }
},
{
    "pk": 60, 
    "model": "restaurante.ingrediente", 
    "fields": {
        "nombre": "Vegetales "
    }
},
{
    "pk": 61, 
    "model": "restaurante.ingrediente", 
    "fields": {
        "nombre": "Patacon"
    }
},
{
    "pk": 62, 
    "model": "restaurante.ingrediente", 
    "fields": {
        "nombre": "Maduro"
    }
},
{
    "pk": 63, 
    "model": "restaurante.ingrediente", 
    "fields": {
        "nombre": "Ensalada"
    }
},
{
    "pk": 64, 
    "model": "restaurante.ingrediente", 
    "fields": {
        "nombre": "Costilla"
    }
},
{
    "pk": 65, 
    "model": "restaurante.ingrediente", 
    "fields": {
        "nombre": "Ternera"
    }
},
{
    "pk": 66, 
    "model": "restaurante.ingrediente", 
    "fields": {
        "nombre": "Cerdo a la plancha"
    }
},
{
    "pk": 67, 
    "model": "restaurante.ingrediente", 
    "fields": {
        "nombre": "Lomo"
    }
},
{
    "pk": 68, 
    "model": "restaurante.ingrediente", 
    "fields": {
        "nombre": "Chunchulo"
    }
},
{
    "pk": 69, 
    "model": "restaurante.ingrediente", 
    "fields": {
        "nombre": "Papa al vapor"
    }
},
{
    "pk": 70, 
    "model": "restaurante.ingrediente", 
    "fields": {
        "nombre": "Bebida natural"
    }
},
{
    "pk": 71, 
    "model": "restaurante.ingrediente", 
    "fields": {
        "nombre": "Cerezada"
    }
},
{
    "pk": 72, 
    "model": "restaurante.ingrediente", 
    "fields": {
        "nombre": "Mandarina"
    }
},
{
    "pk": 73, 
    "model": "restaurante.ingrediente", 
    "fields": {
        "nombre": "Guanabana"
    }
},
{
    "pk": 74, 
    "model": "restaurante.ingrediente", 
    "fields": {
        "nombre": "Mango"
    }
},
{
    "pk": 75, 
    "model": "restaurante.ingrediente", 
    "fields": {
        "nombre": "Mora"
    }
},
{
    "pk": 76, 
    "model": "restaurante.ingrediente", 
    "fields": {
        "nombre": "Fresa"
    }
},
{
    "pk": 77, 
    "model": "restaurante.ingrediente", 
    "fields": {
        "nombre": "Maracuya"
    }
},
{
    "pk": 78, 
    "model": "restaurante.ingrediente", 
    "fields": {
        "nombre": "Lulo"
    }
},
{
    "pk": 79, 
    "model": "restaurante.ingrediente", 
    "fields": {
        "nombre": "Milo"
    }
},
{
    "pk": 80, 
    "model": "restaurante.ingrediente", 
    "fields": {
        "nombre": "Cafe"
    }
},
{
    "pk": 81, 
    "model": "restaurante.ingrediente", 
    "fields": {
        "nombre": "Te"
    }
},
{
    "pk": 82, 
    "model": "restaurante.ingrediente", 
    "fields": {
        "nombre": "Maracuya"
    }
},
{
    "pk": 83, 
    "model": "restaurante.ingrediente", 
    "fields": {
        "nombre": "Corona"
    }
},
{
    "pk": 84, 
    "model": "restaurante.ingrediente", 
    "fields": {
        "nombre": "Heineken"
    }
},
{
    "pk": 85, 
    "model": "restaurante.ingrediente", 
    "fields": {
        "nombre": "Cordero"
    }
},
{
    "pk": 86, 
    "model": "restaurante.ingrediente", 
    "fields": {
        "nombre": "Cabano"
    }
},
{
    "pk": 87, 
    "model": "restaurante.ingrediente", 
    "fields": {
        "nombre": "Queso dorado"
    }
},
{
    "pk": 88, 
    "model": "restaurante.ingrediente", 
    "fields": {
        "nombre": "Crema de leche"
    }
},
{
    "pk": 89, 
    "model": "restaurante.ingrediente", 
    "fields": {
        "nombre": "Zanahoria"
    }
},
{
    "pk": 90, 
    "model": "restaurante.ingrediente", 
    "fields": {
        "nombre": "Verduras"
    }
},
{
    "pk": 91, 
    "model": "restaurante.ingrediente", 
    "fields": {
        "nombre": "Aguacate"
    }
},
{
    "pk": 92, 
    "model": "restaurante.ingrediente", 
    "fields": {
        "nombre": "Aderezo"
    }
},
{
    "pk": 1, 
    "model": "restaurante.producto", 
    "fields": {
        "iva": 0.0, 
        "tipo": 1, 
        "precio": 3600.0, 
        "ingredientes": [
            7, 
            25
        ], 
        "descripcion": "Porci\u00f3n de yuca frita picada en trocitos, acompa\u00f1adas con variadas salsas y aj\u00ed.", 
        "nombre": "PORCI\u00d3N DE YUCAS ", 
        "codigo": 0, 
        "imagen": "productos/entradas/yucas.jpg"
    }
},
{
    "pk": 2, 
    "model": "restaurante.producto", 
    "fields": {
        "iva": 0.0, 
        "tipo": 1, 
        "precio": 6000.0, 
        "ingredientes": [
            1, 
            17
        ], 
        "descripcion": "Las mejores papas a la francesa, crujientes y suaves por dentro", 
        "nombre": "PORCI\u00d3N DE PAPAS A LA FRANCESA ", 
        "codigo": 0, 
        "imagen": "productos/entradas/papas.jpg"
    }
},
{
    "pk": 3, 
    "model": "restaurante.producto", 
    "fields": {
        "iva": 0.0, 
        "tipo": 1, 
        "precio": 5900.0, 
        "ingredientes": [
            26, 
            27
        ], 
        "descripcion": "Porcion de arepa con queso fundido", 
        "nombre": "AREPITAS", 
        "codigo": 0, 
        "imagen": "productos/entradas/arepas_1.jpg"
    }
},
{
    "pk": 4, 
    "model": "restaurante.producto", 
    "fields": {
        "iva": 0.0, 
        "tipo": 2, 
        "precio": 12000.0, 
        "ingredientes": [
            1, 
            41, 
            42
        ], 
        "descripcion": "De res o pollo a la plancha, papas a la francesa, gaseosa y helado ", 
        "nombre": "HAMBURGUESA", 
        "codigo": 0, 
        "imagen": "productos/entradas/menuinfantil.jpg"
    }
},
{
    "pk": 5, 
    "model": "restaurante.producto", 
    "fields": {
        "iva": 0.0, 
        "tipo": 2, 
        "precio": 12000.0, 
        "ingredientes": [
            1, 
            43
        ], 
        "descripcion": "Acompa\u00f1ado con papas a la francesa, gaseosa y helado ", 
        "nombre": "NUGGETS ", 
        "codigo": 0, 
        "imagen": "productos/entradas/nuggets.jpg"
    }
},
{
    "pk": 6, 
    "model": "restaurante.producto", 
    "fields": {
        "iva": 0.0, 
        "tipo": 2, 
        "precio": 12000.0, 
        "ingredientes": [
            1, 
            44
        ], 
        "descripcion": "Papas a la francesa, gaseosa y helado ", 
        "nombre": "PERRO TRADICIONAL", 
        "codigo": 0, 
        "imagen": "productos/entradas/Perrotradicional.jpg"
    }
},
{
    "pk": 7, 
    "model": "restaurante.producto", 
    "fields": {
        "iva": 0.0, 
        "tipo": 3, 
        "precio": 9200.0, 
        "ingredientes": [
            3, 
            4, 
            5, 
            6, 
            7, 
            8, 
            45, 
            46
        ], 
        "descripcion": "q", 
        "nombre": "CARNE-POLLO-SALCHICHA ", 
        "codigo": 10, 
        "imagen": "productos/entradas/perro1.jpg"
    }
},
{
    "pk": 8, 
    "model": "restaurante.producto", 
    "fields": {
        "iva": 0.0, 
        "tipo": 3, 
        "precio": 8500.0, 
        "ingredientes": [
            3, 
            4, 
            5, 
            6, 
            7, 
            11
        ], 
        "descripcion": "delicioso", 
        "nombre": "CHORIPERRO DE RES O POLLO ", 
        "codigo": 0, 
        "imagen": "productos/entradas/perro2.jpg"
    }
},
{
    "pk": 9, 
    "model": "restaurante.producto", 
    "fields": {
        "iva": 0.0, 
        "tipo": 3, 
        "precio": 8500.0, 
        "ingredientes": [
            3, 
            4, 
            5, 
            6, 
            7, 
            47
        ], 
        "descripcion": "Queso, pi\u00f1a, tocineta, ripio de papas y salsas ", 
        "nombre": "SUIZO ", 
        "codigo": 0, 
        "imagen": "productos/entradas/perro3.jpg"
    }
},
{
    "pk": 10, 
    "model": "restaurante.producto", 
    "fields": {
        "iva": 0.0, 
        "tipo": 3, 
        "precio": 8500.0, 
        "ingredientes": [
            3, 
            4, 
            5, 
            6, 
            7, 
            45, 
            46
        ], 
        "descripcion": "ripio de papas y salsas ", 
        "nombre": "CARNE Y POLLO ", 
        "codigo": 0, 
        "imagen": "productos/entradas/perro4.jpg"
    }
},
{
    "pk": 11, 
    "model": "restaurante.producto", 
    "fields": {
        "iva": 0.0, 
        "tipo": 3, 
        "precio": 8500.0, 
        "ingredientes": [
            3, 
            4, 
            5, 
            6, 
            7, 
            8, 
            45
        ], 
        "descripcion": "Queso, pi\u00f1a, tocineta, ripio de papas y salsas ", 
        "nombre": "CARNE Y SALCHICHA", 
        "codigo": 0, 
        "imagen": "productos/entradas/perro5.jpg"
    }
},
{
    "pk": 12, 
    "model": "restaurante.producto", 
    "fields": {
        "iva": 0.0, 
        "tipo": 3, 
        "precio": 8500.0, 
        "ingredientes": [
            3, 
            4, 
            5, 
            6, 
            7, 
            8, 
            46
        ], 
        "descripcion": "Queso, pi\u00f1a, tocineta, ripio de papas y salsas ", 
        "nombre": "POLLO Y SALCHICHA", 
        "codigo": 0, 
        "imagen": "productos/entradas/perro6.jpg"
    }
},
{
    "pk": 13, 
    "model": "restaurante.producto", 
    "fields": {
        "iva": 0.0, 
        "tipo": 3, 
        "precio": 8500.0, 
        "ingredientes": [
            3, 
            4, 
            5, 
            6, 
            7, 
            46
        ], 
        "descripcion": "Queso, pi\u00f1a, tocineta, ripio de papas y salsas ", 
        "nombre": "POLLO", 
        "codigo": 0, 
        "imagen": "productos/entradas/perro7.jpg"
    }
},
{
    "pk": 14, 
    "model": "restaurante.producto", 
    "fields": {
        "iva": 0.0, 
        "tipo": 3, 
        "precio": 8500.0, 
        "ingredientes": [
            3, 
            4, 
            5, 
            6, 
            7, 
            45
        ], 
        "descripcion": "Queso, pi\u00f1a, tocineta, ripio de papas y salsas", 
        "nombre": "CARNE", 
        "codigo": 0, 
        "imagen": "productos/entradas/perro8.jpg"
    }
},
{
    "pk": 15, 
    "model": "restaurante.producto", 
    "fields": {
        "iva": 0.0, 
        "tipo": 3, 
        "precio": 9200.0, 
        "ingredientes": [
            3, 
            4, 
            5, 
            6, 
            7
        ], 
        "descripcion": "Queso, pi\u00f1a, tocineta, ripio de papas y salsas", 
        "nombre": "TOCINETA", 
        "codigo": 0, 
        "imagen": "productos/entradas/perro9.jpg"
    }
},
{
    "pk": 16, 
    "model": "restaurante.producto", 
    "fields": {
        "iva": 0.0, 
        "tipo": 3, 
        "precio": 7000.0, 
        "ingredientes": [
            3, 
            4, 
            5, 
            6, 
            7, 
            8
        ], 
        "descripcion": "Salchicha, queso, pi\u00f1a, tocineta, ripio de papas y salsas", 
        "nombre": "AL REVES", 
        "codigo": 0, 
        "imagen": "productos/entradas/perro10.jpg"
    }
},
{
    "pk": 17, 
    "model": "restaurante.producto", 
    "fields": {
        "iva": 0.0, 
        "tipo": 4, 
        "precio": 10200.0, 
        "ingredientes": [
            3, 
            5, 
            23, 
            31, 
            32, 
            33, 
            34, 
            35, 
            49
        ], 
        "descripcion": "Asada a la parrilla, queso verduras frescas, tocineta salsa de tomate, mostaza y mayonesa ", 
        "nombre": "\u00bd LIBRA DE RES", 
        "codigo": 30, 
        "imagen": "productos/entradas/hamburg1.jpg"
    }
},
{
    "pk": 18, 
    "model": "restaurante.producto", 
    "fields": {
        "iva": 0.0, 
        "tipo": 4, 
        "precio": 10200.0, 
        "ingredientes": [
            3, 
            5, 
            31, 
            32, 
            33, 
            34, 
            35, 
            50
        ], 
        "descripcion": "Asada a la parrilla, queso verduras frescas, tocineta salsa de tomate, mostaza y mayonesa ", 
        "nombre": "\u00bd LIBRA DE POLLO ASADO", 
        "codigo": 31, 
        "imagen": "productos/entradas/hamburg2.jpg"
    }
},
{
    "pk": 19, 
    "model": "restaurante.producto", 
    "fields": {
        "iva": 0.0, 
        "tipo": 4, 
        "precio": 10200.0, 
        "ingredientes": [
            3, 
            5, 
            31, 
            32, 
            34, 
            35, 
            49, 
            51
        ], 
        "descripcion": "Queso verduras frescas, tocineta, salsa de tomate mostaza y mayonesa ", 
        "nombre": "\u00bc RES Y POLLO APANADO", 
        "codigo": 32, 
        "imagen": "productos/entradas/hamburg3.jpg"
    }
},
{
    "pk": 20, 
    "model": "restaurante.producto", 
    "fields": {
        "iva": 0.0, 
        "tipo": 4, 
        "precio": 10200.0, 
        "ingredientes": [
            3, 
            5, 
            31, 
            32, 
            34, 
            35, 
            49, 
            52
        ], 
        "descripcion": "Queso verduras frescas, tocineta, salsa de tomate, mostaza y mayonesa ", 
        "nombre": "\u00bc RES - POLLO BBQ", 
        "codigo": 33, 
        "imagen": "productos/entradas/hambuger-13978373054g8nk.png"
    }
},
{
    "pk": 21, 
    "model": "restaurante.producto", 
    "fields": {
        "iva": 0.0, 
        "tipo": 4, 
        "precio": 10200.0, 
        "ingredientes": [
            3, 
            5, 
            31, 
            32, 
            35, 
            36, 
            37, 
            49
        ], 
        "descripcion": "Queso lechuga tomate, tocineta, salsas de tomate,mostaza y mayonesa ", 
        "nombre": "\u00bcRES - ANILLOS DE CEBOLLA", 
        "codigo": 34, 
        "imagen": "productos/entradas/HAMBURGUESA-CON-AROS-DE-CEBOLLA.jpg"
    }
},
{
    "pk": 22, 
    "model": "restaurante.producto", 
    "fields": {
        "iva": 0.0, 
        "tipo": 4, 
        "precio": 10200.0, 
        "ingredientes": [
            3, 
            5, 
            31, 
            32, 
            35, 
            36, 
            37, 
            38, 
            40, 
            49
        ], 
        "descripcion": "Carne asada a la parrilla, huevo frito, cebolla grille, queso, lechuga, tomate, tocineta,salsa de tomate, mostaza y mayonesa. ", 
        "nombre": "BISTEC A CABALLO", 
        "codigo": 35, 
        "imagen": "productos/entradas/Hamburguesa-con-huevo-700x466.jpg"
    }
},
{
    "pk": 23, 
    "model": "restaurante.producto", 
    "fields": {
        "iva": 1.0, 
        "tipo": 1, 
        "precio": 6000.0, 
        "ingredientes": [
            7, 
            28, 
            29
        ], 
        "descripcion": "Porci\u00f3n de pl\u00e1tano verde picado en delicadas moneditas, acompa\u00f1adas con variadas salsas y aj\u00ed.", 
        "nombre": "MONEDITAS DE PLATANO", 
        "codigo": 4, 
        "imagen": "productos/entradas/moneditas.jpg"
    }
},
{
    "pk": 24, 
    "model": "restaurante.producto", 
    "fields": {
        "iva": 1.0, 
        "tipo": 1, 
        "precio": 5400.0, 
        "ingredientes": [
            23
        ], 
        "descripcion": "deliciosos", 
        "nombre": "PORCION DE ANILLOS DE CEBOLLA", 
        "codigo": 5, 
        "imagen": "productos/entradas/anillos.jpg"
    }
},
{
    "pk": 25, 
    "model": "restaurante.producto", 
    "fields": {
        "iva": 1.0, 
        "tipo": 1, 
        "precio": 6500.0, 
        "ingredientes": [
            7, 
            28, 
            29, 
            30
        ], 
        "descripcion": "Porci\u00f3n de 4 tostadas de pl\u00e1tano verde, acompa\u00f1adas con hogao casero, variadas salsas y aj\u00ed.", 
        "nombre": "PORCION DE PATACON CON HOGAO", 
        "codigo": 6, 
        "imagen": "productos/entradas/patacon.jpg"
    }
},
{
    "pk": 26, 
    "model": "restaurante.producto", 
    "fields": {
        "iva": 0.0, 
        "tipo": 12, 
        "precio": 11200.0, 
        "ingredientes": [
            1, 
            3, 
            7, 
            9, 
            11, 
            12, 
            45
        ], 
        "descripcion": ", salsas $11.200", 
        "nombre": "MARIA JUANA", 
        "codigo": 23, 
        "imagen": "productos/entradas/desgranado1.jpg"
    }
},
{
    "pk": 27, 
    "model": "restaurante.producto", 
    "fields": {
        "iva": 0.0, 
        "tipo": 12, 
        "precio": 11200.0, 
        "ingredientes": [
            3, 
            5, 
            7, 
            9, 
            13
        ], 
        "descripcion": "aaa", 
        "nombre": "DESGRANADO", 
        "codigo": 25, 
        "imagen": "productos/entradas/desgranado2.jpg"
    }
},
{
    "pk": 28, 
    "model": "restaurante.producto", 
    "fields": {
        "iva": 0.0, 
        "tipo": 12, 
        "precio": 11200.0, 
        "ingredientes": [
            3, 
            5, 
            7, 
            9, 
            13
        ], 
        "descripcion": " jamon, , y queso ", 
        "nombre": "POLLO Y CARNE", 
        "codigo": 12, 
        "imagen": "productos/entradas/desgranado5.jpg"
    }
},
{
    "pk": 29, 
    "model": "restaurante.producto", 
    "fields": {
        "iva": 0.0, 
        "tipo": 12, 
        "precio": 11200.0, 
        "ingredientes": [
            3, 
            5, 
            7, 
            9, 
            14, 
            15
        ], 
        "descripcion": "B", 
        "nombre": "RANCHERO", 
        "codigo": 26, 
        "imagen": "productos/entradas/desgranado4.jpg"
    }
},
{
    "pk": 30, 
    "model": "restaurante.producto", 
    "fields": {
        "iva": 0.0, 
        "tipo": 12, 
        "precio": 11200.0, 
        "ingredientes": [
            3, 
            5, 
            7, 
            9, 
            13
        ], 
        "descripcion": "c", 
        "nombre": "POLLO", 
        "codigo": 27, 
        "imagen": "productos/entradas/desgranado3.jpg"
    }
},
{
    "pk": 31, 
    "model": "restaurante.producto", 
    "fields": {
        "iva": 0.0, 
        "tipo": 12, 
        "precio": 11200.0, 
        "ingredientes": [
            3, 
            5, 
            7, 
            9, 
            13
        ], 
        "descripcion": "d", 
        "nombre": "CARNE", 
        "codigo": 28, 
        "imagen": "productos/entradas/desgranado6.jpg"
    }
},
{
    "pk": 32, 
    "model": "restaurante.producto", 
    "fields": {
        "iva": 0.0, 
        "tipo": 8, 
        "precio": 12500.0, 
        "ingredientes": [
            3, 
            5, 
            11, 
            12, 
            13, 
            14, 
            20, 
            45, 
            46
        ], 
        "descripcion": "e", 
        "nombre": "MARIA JUANA", 
        "codigo": 29, 
        "imagen": "productos/entradas/tostada1.jpg"
    }
},
{
    "pk": 33, 
    "model": "restaurante.producto", 
    "fields": {
        "iva": 0.0, 
        "tipo": 8, 
        "precio": 12500.0, 
        "ingredientes": [
            8, 
            12, 
            13, 
            17, 
            18, 
            45, 
            46, 
            48, 
            54
        ], 
        "descripcion": "F", 
        "nombre": "POLLO Y CARNE", 
        "codigo": 30, 
        "imagen": "productos/entradas/tostada2.jpg"
    }
},
{
    "pk": 34, 
    "model": "restaurante.producto", 
    "fields": {
        "iva": 0.0, 
        "tipo": 8, 
        "precio": 12500.0, 
        "ingredientes": [
            5, 
            9, 
            14, 
            23, 
            24, 
            45
        ], 
        "descripcion": "f", 
        "nombre": "CRIOLLA", 
        "codigo": 31, 
        "imagen": "productos/entradas/tostada3.jpg"
    }
},
{
    "pk": 35, 
    "model": "restaurante.producto", 
    "fields": {
        "iva": 0.0, 
        "tipo": 8, 
        "precio": 12500.0, 
        "ingredientes": [
            13, 
            21, 
            22, 
            26, 
            45, 
            46
        ], 
        "descripcion": "E", 
        "nombre": "CAMPESINA", 
        "codigo": 32, 
        "imagen": "productos/entradas/tostada4.jpg"
    }
},
{
    "pk": 36, 
    "model": "restaurante.producto", 
    "fields": {
        "iva": 0.0, 
        "tipo": 7, 
        "precio": 21000.0, 
        "ingredientes": [
            1, 
            55, 
            56, 
            58, 
            59, 
            60
        ], 
        "descripcion": "A", 
        "nombre": "MILANESA DE ROBALO", 
        "codigo": 33, 
        "imagen": "productos/entradas/restaurante_asados_la_80-robalo_a_la_milanesa_250_grs_aprox.1334082290.jpg"
    }
},
{
    "pk": 37, 
    "model": "restaurante.producto", 
    "fields": {
        "iva": 0.0, 
        "tipo": 7, 
        "precio": 19500.0, 
        "ingredientes": [
            22, 
            60, 
            61
        ], 
        "descripcion": "a", 
        "nombre": "TRUCHA A LA PLANCHA", 
        "codigo": 35, 
        "imagen": "productos/entradas/trucha-a-la-plancha.jpg"
    }
},
{
    "pk": 38, 
    "model": "restaurante.producto", 
    "fields": {
        "iva": 0.0, 
        "tipo": 7, 
        "precio": 19500.0, 
        "ingredientes": [
            1, 
            60
        ], 
        "descripcion": "A", 
        "nombre": "TRUCHA AL AJILLO ", 
        "codigo": 36, 
        "imagen": "productos/entradas/Gourmet_Salento_Trucha-al-Ajillo.jpg"
    }
},
{
    "pk": 39, 
    "model": "restaurante.producto", 
    "fields": {
        "iva": 0.0, 
        "tipo": 7, 
        "precio": 21000.0, 
        "ingredientes": [
            1, 
            60
        ], 
        "descripcion": "a", 
        "nombre": "ROBALO EN SALSA DE MANGO O DURAZNO", 
        "codigo": 36, 
        "imagen": "productos/entradas/P1100980_thumb5.jpg"
    }
},
{
    "pk": 40, 
    "model": "restaurante.producto", 
    "fields": {
        "iva": 0.0, 
        "tipo": 7, 
        "precio": 21000.0, 
        "ingredientes": [
            1, 
            56, 
            58, 
            59, 
            60
        ], 
        "descripcion": "f", 
        "nombre": "ROBALO A LA MARINERA", 
        "codigo": 37, 
        "imagen": "productos/entradas/restaurante_asados_la_80-robalo_en_salsa_de_champinones.1334082290.jpg"
    }
},
{
    "pk": 41, 
    "model": "restaurante.producto", 
    "fields": {
        "iva": 0.0, 
        "tipo": 6, 
        "precio": 18500.0, 
        "ingredientes": [
            1, 
            27, 
            49, 
            60, 
            62
        ], 
        "descripcion": "a", 
        "nombre": "PUNTA DE ANCA", 
        "codigo": 38, 
        "imagen": "productos/entradas/Punta_de_Anca.jpg"
    }
},
{
    "pk": 42, 
    "model": "restaurante.producto", 
    "fields": {
        "iva": 0.0, 
        "tipo": 6, 
        "precio": 18500.0, 
        "ingredientes": [
            1, 
            62, 
            63, 
            65
        ], 
        "descripcion": "a", 
        "nombre": "TERNERA A LA LLANERA", 
        "codigo": 66, 
        "imagen": "productos/entradas/images.jpg"
    }
},
{
    "pk": 43, 
    "model": "restaurante.producto", 
    "fields": {
        "iva": 0.0, 
        "tipo": 6, 
        "precio": 18500.0, 
        "ingredientes": [
            25, 
            60, 
            61, 
            64
        ], 
        "descripcion": "a", 
        "nombre": "COSTILLA AHUMADA BBQ", 
        "codigo": 67, 
        "imagen": "productos/entradas/descarga.jpg"
    }
},
{
    "pk": 44, 
    "model": "restaurante.producto", 
    "fields": {
        "iva": 0.0, 
        "tipo": 6, 
        "precio": 18500.0, 
        "ingredientes": [
            11, 
            12, 
            19, 
            27, 
            62
        ], 
        "descripcion": "a", 
        "nombre": "PARRILLADA MONTA\u00d1ERA", 
        "codigo": 56, 
        "imagen": "productos/entradas/1329493101597.jpg"
    }
},
{
    "pk": 45, 
    "model": "restaurante.producto", 
    "fields": {
        "iva": 0.0, 
        "tipo": 6, 
        "precio": 18500.0, 
        "ingredientes": [
            3, 
            19, 
            27, 
            36, 
            49, 
            50, 
            62, 
            66
        ], 
        "descripcion": "a", 
        "nombre": "PARRILLADA CON COSTILLA", 
        "codigo": 38, 
        "imagen": "productos/entradas/jrribs90a590.jpg"
    }
},
{
    "pk": 46, 
    "model": "restaurante.producto", 
    "fields": {
        "iva": 0.0, 
        "tipo": 6, 
        "precio": 18000.0, 
        "ingredientes": [
            27, 
            60, 
            62, 
            67, 
            68, 
            69
        ], 
        "descripcion": "a", 
        "nombre": "CHURRASCO", 
        "codigo": 40, 
        "imagen": "productos/entradas/parillada_01.jpg"
    }
},
{
    "pk": 47, 
    "model": "restaurante.producto", 
    "fields": {
        "iva": 0.0, 
        "tipo": 5, 
        "precio": 3000.0, 
        "ingredientes": [
            70
        ], 
        "descripcion": "A", 
        "nombre": "LIMONADA NATURAL", 
        "codigo": 48, 
        "imagen": "productos/entradas/sancoteo_limonada-natural.jpg"
    }
},
{
    "pk": 48, 
    "model": "restaurante.producto", 
    "fields": {
        "iva": 0.0, 
        "tipo": 5, 
        "precio": 3500.0, 
        "ingredientes": [
            71
        ], 
        "descripcion": "a", 
        "nombre": "LIMONADA CEREZADA", 
        "codigo": 45, 
        "imagen": "productos/entradas/7030796531_bbfccb000c.jpg"
    }
},
{
    "pk": 49, 
    "model": "restaurante.producto", 
    "fields": {
        "iva": 0.0, 
        "tipo": 5, 
        "precio": 3500.0, 
        "ingredientes": [
            72
        ], 
        "descripcion": "Q", 
        "nombre": "JUGO MANDARINA", 
        "codigo": 0, 
        "imagen": "productos/entradas/images_1.jpg"
    }
},
{
    "pk": 50, 
    "model": "restaurante.producto", 
    "fields": {
        "iva": 0.0, 
        "tipo": 5, 
        "precio": 3500.0, 
        "ingredientes": [
            73, 
            74, 
            75, 
            76, 
            77, 
            78
        ], 
        "descripcion": "S", 
        "nombre": "JUGOS NATURALES EN AGUA- LECHE", 
        "codigo": 0, 
        "imagen": "productos/entradas/descarga_1.jpg"
    }
},
{
    "pk": 51, 
    "model": "restaurante.producto", 
    "fields": {
        "iva": 0.0, 
        "tipo": 5, 
        "precio": 3500.0, 
        "ingredientes": [
            73, 
            74, 
            75, 
            76, 
            77, 
            78
        ], 
        "descripcion": "a", 
        "nombre": "GRANIZADOS EN AGUA - LECHE", 
        "codigo": 45, 
        "imagen": "productos/entradas/10308309_1420860718179265_5137860664124388707_n.jpg"
    }
},
{
    "pk": 52, 
    "model": "restaurante.producto", 
    "fields": {
        "iva": 0.0, 
        "tipo": 5, 
        "precio": 6500.0, 
        "ingredientes": [
            75, 
            76, 
            82
        ], 
        "descripcion": "a", 
        "nombre": "MALTEADAS", 
        "codigo": 3, 
        "imagen": "productos/entradas/thumb400x300-10613.jpg"
    }
},
{
    "pk": 53, 
    "model": "restaurante.producto", 
    "fields": {
        "iva": 0.0, 
        "tipo": 5, 
        "precio": 3500.0, 
        "ingredientes": [
            72, 
            79, 
            80, 
            81
        ], 
        "descripcion": "a", 
        "nombre": "FRAPE", 
        "codigo": 3, 
        "imagen": "productos/entradas/CBWeb-FrappeCap.jpg"
    }
},
{
    "pk": 54, 
    "model": "restaurante.producto", 
    "fields": {
        "iva": 0.0, 
        "tipo": 5, 
        "precio": 6000.0, 
        "ingredientes": [
            83, 
            84
        ], 
        "descripcion": "A", 
        "nombre": "CERVEZAS IMPORTADAS", 
        "codigo": 2, 
        "imagen": "productos/entradas/001.jpge2ae43dc-3cbe-47d4-908d-73fea24ad841Large.jpg"
    }
},
{
    "pk": 55, 
    "model": "restaurante.producto", 
    "fields": {
        "iva": 0.0, 
        "tipo": 9, 
        "precio": 14000.0, 
        "ingredientes": [
            3, 
            5, 
            7, 
            9, 
            45, 
            46, 
            58, 
            63
        ], 
        "descripcion": "Acompa\u00f1ado con papas a la francesa, gaseosa y helado ", 
        "nombre": "MARIA JUANA", 
        "codigo": 1, 
        "imagen": "productos/entradas/dbh5bq.jpg"
    }
},
{
    "pk": 56, 
    "model": "restaurante.producto", 
    "fields": {
        "iva": 0.0, 
        "tipo": 9, 
        "precio": 13000.0, 
        "ingredientes": [
            3, 
            7, 
            13, 
            36, 
            37, 
            46, 
            85, 
            86
        ], 
        "descripcion": "A", 
        "nombre": "MIXTO", 
        "codigo": 0, 
        "imagen": "productos/entradas/20-BBQ-chicken.jpg"
    }
},
{
    "pk": 57, 
    "model": "restaurante.producto", 
    "fields": {
        "iva": 0.0, 
        "tipo": 9, 
        "precio": 12000.0, 
        "ingredientes": [
            3, 
            7, 
            13, 
            36, 
            37, 
            46, 
            86
        ], 
        "descripcion": "A", 
        "nombre": "POLLO", 
        "codigo": 0, 
        "imagen": "productos/entradas/images_1_1.jpg"
    }
},
{
    "pk": 58, 
    "model": "restaurante.producto", 
    "fields": {
        "iva": 0.0, 
        "tipo": 9, 
        "precio": 12000.0, 
        "ingredientes": [
            3, 
            7, 
            13, 
            36, 
            37, 
            50, 
            86
        ], 
        "descripcion": "Asada a la parrilla, queso verduras frescas, tocineta salsa de tomate, mostaza y mayonesa ", 
        "nombre": "POLLO A LA PARRILLA EN BBQ", 
        "codigo": 0, 
        "imagen": "productos/entradas/CHORIZO-SUB-630x250.jpg"
    }
},
{
    "pk": 59, 
    "model": "restaurante.producto", 
    "fields": {
        "iva": 0.0, 
        "tipo": 9, 
        "precio": 12000.0, 
        "ingredientes": [
            3, 
            7, 
            13, 
            36, 
            37, 
            85, 
            86
        ], 
        "descripcion": "Q", 
        "nombre": "CORDERO", 
        "codigo": 0, 
        "imagen": "productos/entradas/cubano.JPG"
    }
},
{
    "pk": 60, 
    "model": "restaurante.producto", 
    "fields": {
        "iva": 0.0, 
        "tipo": 10, 
        "precio": 11900.0, 
        "ingredientes": [
            1, 
            3, 
            4, 
            8, 
            17, 
            18, 
            46
        ], 
        "descripcion": "A", 
        "nombre": "POLLO Y CARNE GRATINADO", 
        "codigo": 0, 
        "imagen": "productos/entradas/salchipapa1.jpg"
    }
},
{
    "pk": 61, 
    "model": "restaurante.producto", 
    "fields": {
        "iva": 0.0, 
        "tipo": 10, 
        "precio": 10900.0, 
        "ingredientes": [
            1, 
            3, 
            4, 
            8, 
            17, 
            18, 
            46
        ], 
        "descripcion": "A", 
        "nombre": "POLLO GRATINADO", 
        "codigo": 0, 
        "imagen": "productos/entradas/salchipapa2.jpg"
    }
},
{
    "pk": 62, 
    "model": "restaurante.producto", 
    "fields": {
        "iva": 0.0, 
        "tipo": 10, 
        "precio": 9900.0, 
        "ingredientes": [
            1, 
            4, 
            8, 
            17, 
            18, 
            46
        ], 
        "descripcion": "A", 
        "nombre": "POLLO Y CARNE", 
        "codigo": 0, 
        "imagen": "productos/entradas/salchipapa3.jpg"
    }
},
{
    "pk": 63, 
    "model": "restaurante.producto", 
    "fields": {
        "iva": 0.0, 
        "tipo": 10, 
        "precio": 9000.0, 
        "ingredientes": [
            1, 
            4, 
            17, 
            18, 
            46
        ], 
        "descripcion": "a", 
        "nombre": "POLLO", 
        "codigo": 0, 
        "imagen": "productos/entradas/salchipapa4.jpg"
    }
},
{
    "pk": 64, 
    "model": "restaurante.producto", 
    "fields": {
        "iva": 0.0, 
        "tipo": 10, 
        "precio": 7500.0, 
        "ingredientes": [
            5, 
            8, 
            19
        ], 
        "descripcion": "A", 
        "nombre": "CRIOLLA", 
        "codigo": 0, 
        "imagen": "productos/entradas/salchipapa5.jpg"
    }
},
{
    "pk": 65, 
    "model": "restaurante.producto", 
    "fields": {
        "iva": 0.0, 
        "tipo": 10, 
        "precio": 7500.0, 
        "ingredientes": [
            1, 
            5, 
            8
        ], 
        "descripcion": "S", 
        "nombre": "TRADICIONAL", 
        "codigo": 0, 
        "imagen": "productos/entradas/salchipapa6.jpg"
    }
},
{
    "pk": 66, 
    "model": "restaurante.producto", 
    "fields": {
        "iva": 0.0, 
        "tipo": 11, 
        "precio": 14000.0, 
        "ingredientes": [
            4, 
            9, 
            13, 
            24, 
            36, 
            37, 
            51, 
            59, 
            87, 
            88, 
            89, 
            90
        ], 
        "descripcion": "0", 
        "nombre": "PREMIUM", 
        "codigo": 0, 
        "imagen": "productos/entradas/images_3.jpg"
    }
},
{
    "pk": 67, 
    "model": "restaurante.producto", 
    "fields": {
        "iva": 0.0, 
        "tipo": 11, 
        "precio": 14000.0, 
        "ingredientes": [
            4, 
            7, 
            9, 
            13, 
            24, 
            36, 
            37, 
            46, 
            59, 
            87, 
            88, 
            89, 
            90
        ], 
        "descripcion": "A", 
        "nombre": "MARIA JUANA", 
        "codigo": 0, 
        "imagen": "productos/entradas/Ensalada-Cesar-Pollo.gif"
    }
},
{
    "pk": 68, 
    "model": "restaurante.producto", 
    "fields": {
        "iva": 0.0, 
        "tipo": 11, 
        "precio": 11000.0, 
        "ingredientes": [
            36, 
            37, 
            59, 
            87, 
            91, 
            92
        ], 
        "descripcion": "Q", 
        "nombre": "PRIMAVERA", 
        "codigo": 1, 
        "imagen": "productos/entradas/foto_0017.jpg"
    }
},
{
    "pk": 2, 
    "model": "restaurante.ordencompra", 
    "fields": {
        "usuario": 1, 
        "fecha": "2014-11-01", 
        "impuestos": 0.0, 
        "enviado": false, 
        "revisado": false, 
        "total": 3600.0
    }
},
{
    "pk": 3, 
    "model": "restaurante.ordencompra", 
    "fields": {
        "usuario": 10, 
        "fecha": "2014-11-01", 
        "impuestos": 0.0, 
        "enviado": false, 
        "revisado": false, 
        "total": 25500.0
    }
},
{
    "pk": 4, 
    "model": "restaurante.ordencompra", 
    "fields": {
        "usuario": 10, 
        "fecha": "2014-11-01", 
        "impuestos": 0.0, 
        "enviado": false, 
        "revisado": false, 
        "total": 30600.0
    }
},
{
    "pk": 5, 
    "model": "restaurante.ordencompra", 
    "fields": {
        "usuario": 10, 
        "fecha": "2014-11-02", 
        "impuestos": 0.0, 
        "enviado": false, 
        "revisado": false, 
        "total": 9600.0
    }
},
{
    "pk": 6, 
    "model": "restaurante.ordencompra", 
    "fields": {
        "usuario": 10, 
        "fecha": "2014-11-05", 
        "impuestos": 0.0, 
        "enviado": false, 
        "revisado": false, 
        "total": 25500.0
    }
},
{
    "pk": 7, 
    "model": "restaurante.ordencompra", 
    "fields": {
        "usuario": 1, 
        "fecha": "2014-11-05", 
        "impuestos": 0.0, 
        "enviado": false, 
        "revisado": false, 
        "total": 24000.0
    }
},
{
    "pk": 8, 
    "model": "restaurante.ordencompra", 
    "fields": {
        "usuario": 15, 
        "fecha": "2014-11-08", 
        "impuestos": 0.0, 
        "enviado": false, 
        "revisado": false, 
        "total": 12000.0
    }
},
{
    "pk": 9, 
    "model": "restaurante.ordencompra", 
    "fields": {
        "usuario": 15, 
        "fecha": "2014-11-08", 
        "impuestos": 0.0, 
        "enviado": false, 
        "revisado": false, 
        "total": 15500.0
    }
},
{
    "pk": 10, 
    "model": "restaurante.ordencompra", 
    "fields": {
        "usuario": 16, 
        "fecha": "2014-11-08", 
        "impuestos": 0.0, 
        "enviado": false, 
        "revisado": false, 
        "total": 17000.0
    }
},
{
    "pk": 11, 
    "model": "restaurante.ordencompra", 
    "fields": {
        "usuario": 18, 
        "fecha": "2015-01-05", 
        "impuestos": 0.0, 
        "enviado": false, 
        "revisado": false, 
        "total": 24000.0
    }
},
{
    "pk": 12, 
    "model": "restaurante.ordencompra", 
    "fields": {
        "usuario": 18, 
        "fecha": "2015-01-07", 
        "impuestos": 0.0, 
        "enviado": false, 
        "revisado": false, 
        "total": 25000.0
    }
},
{
    "pk": 13, 
    "model": "restaurante.ordencompra", 
    "fields": {
        "usuario": 18, 
        "fecha": "2015-01-20", 
        "impuestos": 0.0, 
        "enviado": false, 
        "revisado": false, 
        "total": 24000.0
    }
},
{
    "pk": 14, 
    "model": "restaurante.ordencompra", 
    "fields": {
        "usuario": 18, 
        "fecha": "2015-02-05", 
        "impuestos": 0.0, 
        "enviado": false, 
        "revisado": false, 
        "total": 3000.0
    }
},
{
    "pk": 15, 
    "model": "restaurante.ordencompra", 
    "fields": {
        "usuario": 18, 
        "fecha": "2015-02-07", 
        "impuestos": 0.0, 
        "enviado": false, 
        "revisado": false, 
        "total": 3000.0
    }
},
{
    "pk": 16, 
    "model": "restaurante.ordencompra", 
    "fields": {
        "usuario": 18, 
        "fecha": "2015-02-07", 
        "impuestos": 0.0, 
        "enviado": false, 
        "revisado": false, 
        "total": 36000.0
    }
},
{
    "pk": 17, 
    "model": "restaurante.ordencompra", 
    "fields": {
        "usuario": 1, 
        "fecha": "2015-02-07", 
        "impuestos": 0.0, 
        "enviado": false, 
        "revisado": false, 
        "total": 10200.0
    }
},
{
    "pk": 18, 
    "model": "restaurante.ordencompra", 
    "fields": {
        "usuario": 1, 
        "fecha": "2015-02-07", 
        "impuestos": 0.0, 
        "enviado": false, 
        "revisado": false, 
        "total": 0.0
    }
},
{
    "pk": 19, 
    "model": "restaurante.ordencompra", 
    "fields": {
        "usuario": 1, 
        "fecha": "2015-02-07", 
        "impuestos": 0.0, 
        "enviado": false, 
        "revisado": false, 
        "total": 0.0
    }
},
{
    "pk": 20, 
    "model": "restaurante.ordencompra", 
    "fields": {
        "usuario": 1, 
        "fecha": "2015-02-07", 
        "impuestos": 0.0, 
        "enviado": false, 
        "revisado": false, 
        "total": 0.0
    }
},
{
    "pk": 21, 
    "model": "restaurante.ordencompra", 
    "fields": {
        "usuario": 1, 
        "fecha": "2015-02-07", 
        "impuestos": 0.0, 
        "enviado": false, 
        "revisado": false, 
        "total": 0.0
    }
},
{
    "pk": 22, 
    "model": "restaurante.ordencompra", 
    "fields": {
        "usuario": 1, 
        "fecha": "2015-02-07", 
        "impuestos": 0.0, 
        "enviado": false, 
        "revisado": false, 
        "total": 0.0
    }
},
{
    "pk": 23, 
    "model": "restaurante.ordencompra", 
    "fields": {
        "usuario": 1, 
        "fecha": "2015-02-07", 
        "impuestos": 0.0, 
        "enviado": false, 
        "revisado": false, 
        "total": 0.0
    }
},
{
    "pk": 24, 
    "model": "restaurante.ordencompra", 
    "fields": {
        "usuario": 1, 
        "fecha": "2015-02-07", 
        "impuestos": 0.0, 
        "enviado": false, 
        "revisado": false, 
        "total": 0.0
    }
},
{
    "pk": 25, 
    "model": "restaurante.ordencompra", 
    "fields": {
        "usuario": 1, 
        "fecha": "2015-02-07", 
        "impuestos": 0.0, 
        "enviado": false, 
        "revisado": false, 
        "total": 17700.0
    }
},
{
    "pk": 26, 
    "model": "restaurante.ordencompra", 
    "fields": {
        "usuario": 10, 
        "fecha": "2015-02-13", 
        "impuestos": 0.0, 
        "enviado": false, 
        "revisado": false, 
        "total": 39600.0
    }
},
{
    "pk": 27, 
    "model": "restaurante.ordencompra", 
    "fields": {
        "usuario": 18, 
        "fecha": "2015-02-13", 
        "impuestos": 0.0, 
        "enviado": false, 
        "revisado": false, 
        "total": 30600.0
    }
},
{
    "pk": 28, 
    "model": "restaurante.ordencompra", 
    "fields": {
        "usuario": 10, 
        "fecha": "2015-02-22", 
        "impuestos": 0.0, 
        "enviado": false, 
        "revisado": false, 
        "total": 12000.0
    }
},
{
    "pk": 29, 
    "model": "restaurante.ordencompra", 
    "fields": {
        "usuario": 1, 
        "fecha": "2015-02-26", 
        "impuestos": 0.0, 
        "enviado": false, 
        "revisado": false, 
        "total": 74000.0
    }
},
{
    "pk": 30, 
    "model": "restaurante.ordencompra", 
    "fields": {
        "usuario": 10, 
        "fecha": "2015-03-02", 
        "impuestos": 0.0, 
        "enviado": false, 
        "revisado": false, 
        "total": 7000.0
    }
},
{
    "pk": 31, 
    "model": "restaurante.ordencompra", 
    "fields": {
        "usuario": 20, 
        "fecha": "2015-03-03", 
        "impuestos": 0.0, 
        "enviado": false, 
        "revisado": false, 
        "total": 63000.0
    }
},
{
    "pk": 32, 
    "model": "restaurante.ordencompra", 
    "fields": {
        "usuario": 20, 
        "fecha": "2015-03-03", 
        "impuestos": 0.0, 
        "enviado": false, 
        "revisado": false, 
        "total": 60000.0
    }
},
{
    "pk": 3, 
    "model": "restaurante.ordenproducto", 
    "fields": {
        "producto": 1, 
        "ordenCompra": 2, 
        "cantidad": 1
    }
},
{
    "pk": 4, 
    "model": "restaurante.ordenproducto", 
    "fields": {
        "producto": 9, 
        "ordenCompra": 3, 
        "cantidad": 1
    }
},
{
    "pk": 5, 
    "model": "restaurante.ordenproducto", 
    "fields": {
        "producto": 11, 
        "ordenCompra": 3, 
        "cantidad": 1
    }
},
{
    "pk": 6, 
    "model": "restaurante.ordenproducto", 
    "fields": {
        "producto": 12, 
        "ordenCompra": 3, 
        "cantidad": 1
    }
},
{
    "pk": 7, 
    "model": "restaurante.ordenproducto", 
    "fields": {
        "producto": 18, 
        "ordenCompra": 4, 
        "cantidad": 1
    }
},
{
    "pk": 8, 
    "model": "restaurante.ordenproducto", 
    "fields": {
        "producto": 20, 
        "ordenCompra": 4, 
        "cantidad": 1
    }
},
{
    "pk": 9, 
    "model": "restaurante.ordenproducto", 
    "fields": {
        "producto": 17, 
        "ordenCompra": 4, 
        "cantidad": 1
    }
},
{
    "pk": 10, 
    "model": "restaurante.ordenproducto", 
    "fields": {
        "producto": 1, 
        "ordenCompra": 5, 
        "cantidad": 1
    }
},
{
    "pk": 11, 
    "model": "restaurante.ordenproducto", 
    "fields": {
        "producto": 2, 
        "ordenCompra": 5, 
        "cantidad": 1
    }
},
{
    "pk": 12, 
    "model": "restaurante.ordenproducto", 
    "fields": {
        "producto": 9, 
        "ordenCompra": 6, 
        "cantidad": 1
    }
},
{
    "pk": 13, 
    "model": "restaurante.ordenproducto", 
    "fields": {
        "producto": 8, 
        "ordenCompra": 6, 
        "cantidad": 1
    }
},
{
    "pk": 14, 
    "model": "restaurante.ordenproducto", 
    "fields": {
        "producto": 11, 
        "ordenCompra": 6, 
        "cantidad": 1
    }
},
{
    "pk": 15, 
    "model": "restaurante.ordenproducto", 
    "fields": {
        "producto": 4, 
        "ordenCompra": 7, 
        "cantidad": 1
    }
},
{
    "pk": 16, 
    "model": "restaurante.ordenproducto", 
    "fields": {
        "producto": 6, 
        "ordenCompra": 7, 
        "cantidad": 1
    }
},
{
    "pk": 17, 
    "model": "restaurante.ordenproducto", 
    "fields": {
        "producto": 4, 
        "ordenCompra": 8, 
        "cantidad": 1
    }
},
{
    "pk": 18, 
    "model": "restaurante.ordenproducto", 
    "fields": {
        "producto": 1, 
        "ordenCompra": 9, 
        "cantidad": 1
    }
},
{
    "pk": 19, 
    "model": "restaurante.ordenproducto", 
    "fields": {
        "producto": 3, 
        "ordenCompra": 9, 
        "cantidad": 1
    }
},
{
    "pk": 20, 
    "model": "restaurante.ordenproducto", 
    "fields": {
        "producto": 2, 
        "ordenCompra": 9, 
        "cantidad": 1
    }
},
{
    "pk": 21, 
    "model": "restaurante.ordenproducto", 
    "fields": {
        "producto": 12, 
        "ordenCompra": 10, 
        "cantidad": 1
    }
},
{
    "pk": 22, 
    "model": "restaurante.ordenproducto", 
    "fields": {
        "producto": 14, 
        "ordenCompra": 10, 
        "cantidad": 1
    }
},
{
    "pk": 23, 
    "model": "restaurante.ordenproducto", 
    "fields": {
        "producto": 6, 
        "ordenCompra": 11, 
        "cantidad": 2
    }
},
{
    "pk": 24, 
    "model": "restaurante.ordenproducto", 
    "fields": {
        "producto": 33, 
        "ordenCompra": 12, 
        "cantidad": 1
    }
},
{
    "pk": 25, 
    "model": "restaurante.ordenproducto", 
    "fields": {
        "producto": 35, 
        "ordenCompra": 12, 
        "cantidad": 1
    }
},
{
    "pk": 26, 
    "model": "restaurante.ordenproducto", 
    "fields": {
        "producto": 5, 
        "ordenCompra": 13, 
        "cantidad": 1
    }
},
{
    "pk": 27, 
    "model": "restaurante.ordenproducto", 
    "fields": {
        "producto": 4, 
        "ordenCompra": 13, 
        "cantidad": 1
    }
},
{
    "pk": 28, 
    "model": "restaurante.ordenproducto", 
    "fields": {
        "producto": 47, 
        "ordenCompra": 14, 
        "cantidad": 1
    }
},
{
    "pk": 29, 
    "model": "restaurante.ordenproducto", 
    "fields": {
        "producto": 47, 
        "ordenCompra": 15, 
        "cantidad": 1
    }
},
{
    "pk": 30, 
    "model": "restaurante.ordenproducto", 
    "fields": {
        "producto": 5, 
        "ordenCompra": 16, 
        "cantidad": 1
    }
},
{
    "pk": 31, 
    "model": "restaurante.ordenproducto", 
    "fields": {
        "producto": 4, 
        "ordenCompra": 16, 
        "cantidad": 2
    }
},
{
    "pk": 32, 
    "model": "restaurante.ordenproducto", 
    "fields": {
        "producto": 17, 
        "ordenCompra": 17, 
        "cantidad": 1
    }
},
{
    "pk": 33, 
    "model": "restaurante.ordenproducto", 
    "fields": {
        "producto": 8, 
        "ordenCompra": 25, 
        "cantidad": 1
    }
},
{
    "pk": 34, 
    "model": "restaurante.ordenproducto", 
    "fields": {
        "producto": 7, 
        "ordenCompra": 25, 
        "cantidad": 1
    }
},
{
    "pk": 35, 
    "model": "restaurante.ordenproducto", 
    "fields": {
        "producto": 1, 
        "ordenCompra": 26, 
        "cantidad": 1
    }
},
{
    "pk": 36, 
    "model": "restaurante.ordenproducto", 
    "fields": {
        "producto": 9, 
        "ordenCompra": 26, 
        "cantidad": 1
    }
},
{
    "pk": 37, 
    "model": "restaurante.ordenproducto", 
    "fields": {
        "producto": 5, 
        "ordenCompra": 26, 
        "cantidad": 1
    }
},
{
    "pk": 38, 
    "model": "restaurante.ordenproducto", 
    "fields": {
        "producto": 4, 
        "ordenCompra": 26, 
        "cantidad": 1
    }
},
{
    "pk": 39, 
    "model": "restaurante.ordenproducto", 
    "fields": {
        "producto": 48, 
        "ordenCompra": 26, 
        "cantidad": 1
    }
},
{
    "pk": 40, 
    "model": "restaurante.ordenproducto", 
    "fields": {
        "producto": 17, 
        "ordenCompra": 27, 
        "cantidad": 3
    }
},
{
    "pk": 41, 
    "model": "restaurante.ordenproducto", 
    "fields": {
        "producto": 4, 
        "ordenCompra": 28, 
        "cantidad": 1
    }
},
{
    "pk": 42, 
    "model": "restaurante.ordenproducto", 
    "fields": {
        "producto": 44, 
        "ordenCompra": 29, 
        "cantidad": 1
    }
},
{
    "pk": 43, 
    "model": "restaurante.ordenproducto", 
    "fields": {
        "producto": 42, 
        "ordenCompra": 29, 
        "cantidad": 1
    }
},
{
    "pk": 44, 
    "model": "restaurante.ordenproducto", 
    "fields": {
        "producto": 43, 
        "ordenCompra": 29, 
        "cantidad": 1
    }
},
{
    "pk": 45, 
    "model": "restaurante.ordenproducto", 
    "fields": {
        "producto": 41, 
        "ordenCompra": 29, 
        "cantidad": 1
    }
},
{
    "pk": 46, 
    "model": "restaurante.ordenproducto", 
    "fields": {
        "producto": 50, 
        "ordenCompra": 30, 
        "cantidad": 1
    }
},
{
    "pk": 47, 
    "model": "restaurante.ordenproducto", 
    "fields": {
        "producto": 48, 
        "ordenCompra": 30, 
        "cantidad": 1
    }
},
{
    "pk": 48, 
    "model": "restaurante.ordenproducto", 
    "fields": {
        "producto": 68, 
        "ordenCompra": 31, 
        "cantidad": 1
    }
},
{
    "pk": 49, 
    "model": "restaurante.ordenproducto", 
    "fields": {
        "producto": 55, 
        "ordenCompra": 31, 
        "cantidad": 1
    }
},
{
    "pk": 50, 
    "model": "restaurante.ordenproducto", 
    "fields": {
        "producto": 59, 
        "ordenCompra": 31, 
        "cantidad": 1
    }
},
{
    "pk": 51, 
    "model": "restaurante.ordenproducto", 
    "fields": {
        "producto": 58, 
        "ordenCompra": 31, 
        "cantidad": 1
    }
},
{
    "pk": 52, 
    "model": "restaurante.ordenproducto", 
    "fields": {
        "producto": 66, 
        "ordenCompra": 31, 
        "cantidad": 1
    }
},
{
    "pk": 53, 
    "model": "restaurante.ordenproducto", 
    "fields": {
        "producto": 39, 
        "ordenCompra": 32, 
        "cantidad": 1
    }
},
{
    "pk": 54, 
    "model": "restaurante.ordenproducto", 
    "fields": {
        "producto": 38, 
        "ordenCompra": 32, 
        "cantidad": 1
    }
},
{
    "pk": 55, 
    "model": "restaurante.ordenproducto", 
    "fields": {
        "producto": 37, 
        "ordenCompra": 32, 
        "cantidad": 1
    }
}
]
